PRAGMA foreign_keys=OFF;
BEGIN TRANSACTION;
CREATE TABLE "django_migrations" ("id" integer NOT NULL PRIMARY KEY AUTOINCREMENT, "app" varchar(255) NOT NULL, "name" varchar(255) NOT NULL, "applied" datetime NOT NULL);
INSERT INTO "django_migrations" VALUES(1,'ChefToun','0001_initial','2018-03-15 03:33:38.130281');
INSERT INTO "django_migrations" VALUES(2,'ChefToun','0002_auto_20170612_0328','2018-03-15 03:33:38.183664');
INSERT INTO "django_migrations" VALUES(3,'ChefToun','0003_remove_plato_valor','2018-03-15 03:33:38.215700');
INSERT INTO "django_migrations" VALUES(4,'ChefToun','0004_ingrediente_icon','2018-03-15 03:33:38.236099');
INSERT INTO "django_migrations" VALUES(5,'contenttypes','0001_initial','2018-03-15 03:33:38.260677');
INSERT INTO "django_migrations" VALUES(6,'auth','0001_initial','2018-03-15 03:33:38.312480');
INSERT INTO "django_migrations" VALUES(7,'admin','0001_initial','2018-03-15 03:33:38.343230');
INSERT INTO "django_migrations" VALUES(8,'admin','0002_logentry_remove_auto_add','2018-03-15 03:33:38.382861');
INSERT INTO "django_migrations" VALUES(9,'contenttypes','0002_remove_content_type_name','2018-03-15 03:33:38.434008');
INSERT INTO "django_migrations" VALUES(10,'auth','0002_alter_permission_name_max_length','2018-03-15 03:33:38.458128');
INSERT INTO "django_migrations" VALUES(11,'auth','0003_alter_user_email_max_length','2018-03-15 03:33:38.483173');
INSERT INTO "django_migrations" VALUES(12,'auth','0004_alter_user_username_opts','2018-03-15 03:33:38.519676');
INSERT INTO "django_migrations" VALUES(13,'auth','0005_alter_user_last_login_null','2018-03-15 03:33:38.559460');
INSERT INTO "django_migrations" VALUES(14,'auth','0006_require_contenttypes_0002','2018-03-15 03:33:38.566238');
INSERT INTO "django_migrations" VALUES(15,'auth','0007_alter_validators_add_error_messages','2018-03-15 03:33:38.589909');
INSERT INTO "django_migrations" VALUES(16,'auth','0008_alter_user_username_max_length','2018-03-15 03:33:38.613755');
INSERT INTO "django_migrations" VALUES(17,'sessions','0001_initial','2018-03-15 03:33:38.628402');
CREATE TABLE "ChefToun_nino" ("id" integer NOT NULL PRIMARY KEY AUTOINCREMENT, "codigo" varchar(10) NOT NULL UNIQUE, "nickname" varchar(30) NOT NULL);
INSERT INTO "ChefToun_nino" VALUES(2,'ec123','pablo');
INSERT INTO "ChefToun_nino" VALUES(3,'ju123','juan');
INSERT INTO "ChefToun_nino" VALUES(4,'lu123','luis');
INSERT INTO "ChefToun_nino" VALUES(5,'jo123','jose');
INSERT INTO "ChefToun_nino" VALUES(6,'is234','israel');
CREATE TABLE "ChefToun_puntaje" ("id" integer NOT NULL PRIMARY KEY AUTOINCREMENT, "puntaje" integer NOT NULL, "fecha" datetime NOT NULL, "nino_id" integer NOT NULL REFERENCES "ChefToun_nino" ("id"));
INSERT INTO "ChefToun_puntaje" VALUES(1,10,'2018-10-02 10:23:02',2);
INSERT INTO "ChefToun_puntaje" VALUES(2,5,'2018-10-02 10:23:02',1);
INSERT INTO "ChefToun_puntaje" VALUES(3,10,'2018-10-02 10:23:02',2);
INSERT INTO "ChefToun_puntaje" VALUES(4,20,'2018-10-02 10:23:02',3);
INSERT INTO "ChefToun_puntaje" VALUES(5,15,'2018-10-02 10:23:02',4);
INSERT INTO "ChefToun_puntaje" VALUES(6,12,'2018-10-02 10:23:02',5);
CREATE TABLE "ChefToun_ubicacion" ("id" integer NOT NULL PRIMARY KEY AUTOINCREMENT, "ubicacion" varchar(60) NOT NULL);
INSERT INTO "ChefToun_ubicacion" VALUES(1,'principal');
INSERT INTO "ChefToun_ubicacion" VALUES(2,'refrigeradora');
CREATE TABLE "ChefToun_ingredienteplato" ("id" integer NOT NULL PRIMARY KEY AUTOINCREMENT, "cantidad" integer NOT NULL, "ingrediente_id" integer NOT NULL REFERENCES "ChefToun_ingrediente" ("id"), "plato_id" integer NOT NULL REFERENCES "ChefToun_plato" ("id"));
INSERT INTO "ChefToun_ingredienteplato" VALUES(1,1,9,1);
CREATE TABLE "ChefToun_horario" ("id" integer NOT NULL PRIMARY KEY AUTOINCREMENT, "horaInicio" time NOT NULL, "horaFinal" time NOT NULL);
INSERT INTO "ChefToun_horario" VALUES(1,'00:00:00','04:59:59');
INSERT INTO "ChefToun_horario" VALUES(2,'19:00:00','23:59:59');
INSERT INTO "ChefToun_horario" VALUES(3,'16:00:00','18:59:59');
INSERT INTO "ChefToun_horario" VALUES(4,'13:00:00','15:59:59');
INSERT INTO "ChefToun_horario" VALUES(5,'11:00:00','12:59:59');
INSERT INTO "ChefToun_horario" VALUES(6,'05:00:00','10:59:59');
CREATE TABLE "ChefToun_tipoplato" ("id" integer NOT NULL PRIMARY KEY AUTOINCREMENT, "tipo" varchar(30) NOT NULL, "costo" real NOT NULL, "propina" real NOT NULL, "state" bool NOT NULL);
INSERT INTO "ChefToun_tipoplato" VALUES(3,'Desayunos',15.0,2.0,1);
CREATE TABLE "ChefToun_horariotipoplato" ("id" integer NOT NULL PRIMARY KEY AUTOINCREMENT, "horario_id" integer NOT NULL REFERENCES "ChefToun_horario" ("id"), "tipoPlato_id" integer NOT NULL REFERENCES "ChefToun_tipoplato" ("id"));
INSERT INTO "ChefToun_horariotipoplato" VALUES(1,6,2);
INSERT INTO "ChefToun_horariotipoplato" VALUES(2,6,4);
CREATE TABLE "ChefToun_plato" ("id" integer NOT NULL PRIMARY KEY AUTOINCREMENT, "nombre" varchar(60) NOT NULL, "foto" varchar(120) NOT NULL, "state" bool NOT NULL, "tipoPlato_id" integer NOT NULL REFERENCES "ChefToun_tipoplato" ("id"));
INSERT INTO "ChefToun_plato" VALUES(1,'desayuno','15',1,3);
INSERT INTO "ChefToun_plato" VALUES(2,'Bebidas','15',2,3);
CREATE TABLE "ChefToun_ingrediente" ("id" integer NOT NULL PRIMARY KEY AUTOINCREMENT, "ingrediente" varchar(60) NOT NULL, "cantidad" integer NOT NULL, "cantidadInicial" integer NOT NULL, "esUnitario" bool NOT NULL, "unidades" integer NOT NULL, "ubicacion_id" integer NOT NULL REFERENCES "ChefToun_ubicacion" ("id"), "icon" varchar(200) NOT NULL);
INSERT INTO "ChefToun_ingrediente" VALUES(3,'lechuga',100,100,1,1,2,'lechuga');
INSERT INTO "ChefToun_ingrediente" VALUES(4,'tomate',100,100,1,1,2,'tomate');
INSERT INTO "ChefToun_ingrediente" VALUES(5,'sandia',100,100,1,1,2,'sandia');
INSERT INTO "ChefToun_ingrediente" VALUES(6,'sal',100,100,1,1,2,'sal');
INSERT INTO "ChefToun_ingrediente" VALUES(7,'queso',100,100,1,1,2,'queso');
INSERT INTO "ChefToun_ingrediente" VALUES(8,'platano',100,100,1,1,2,'platano');
INSERT INTO "ChefToun_ingrediente" VALUES(9,'pan',100,100,1,1,2,'pan');
INSERT INTO "ChefToun_ingrediente" VALUES(10,'naranja',100,100,1,1,2,'naranja');
INSERT INTO "ChefToun_ingrediente" VALUES(11,'mora',100,100,1,1,2,'mora');
INSERT INTO "ChefToun_ingrediente" VALUES(12,'miel',100,100,1,1,2,'miel');
INSERT INTO "ChefToun_ingrediente" VALUES(13,'mermelada',100,100,1,1,2,'mermelada');
INSERT INTO "ChefToun_ingrediente" VALUES(14,'mayonesa',100,100,1,1,2,'mayonesa');
INSERT INTO "ChefToun_ingrediente" VALUES(15,'manzana',100,100,1,1,2,'manzana');
CREATE TABLE "auth_group" ("id" integer NOT NULL PRIMARY KEY AUTOINCREMENT, "name" varchar(80) NOT NULL UNIQUE);
CREATE TABLE "auth_group_permissions" ("id" integer NOT NULL PRIMARY KEY AUTOINCREMENT, "group_id" integer NOT NULL REFERENCES "auth_group" ("id"), "permission_id" integer NOT NULL REFERENCES "auth_permission" ("id"));
CREATE TABLE "auth_user_groups" ("id" integer NOT NULL PRIMARY KEY AUTOINCREMENT, "user_id" integer NOT NULL REFERENCES "auth_user" ("id"), "group_id" integer NOT NULL REFERENCES "auth_group" ("id"));
CREATE TABLE "auth_user_user_permissions" ("id" integer NOT NULL PRIMARY KEY AUTOINCREMENT, "user_id" integer NOT NULL REFERENCES "auth_user" ("id"), "permission_id" integer NOT NULL REFERENCES "auth_permission" ("id"));
CREATE TABLE "django_admin_log" ("id" integer NOT NULL PRIMARY KEY AUTOINCREMENT, "object_id" text NULL, "object_repr" varchar(200) NOT NULL, "action_flag" smallint unsigned NOT NULL, "change_message" text NOT NULL, "content_type_id" integer NULL REFERENCES "django_content_type" ("id"), "user_id" integer NOT NULL REFERENCES "auth_user" ("id"), "action_time" datetime NOT NULL);
CREATE TABLE "django_content_type" ("id" integer NOT NULL PRIMARY KEY AUTOINCREMENT, "app_label" varchar(100) NOT NULL, "model" varchar(100) NOT NULL);
INSERT INTO "django_content_type" VALUES(1,'admin','logentry');
INSERT INTO "django_content_type" VALUES(2,'auth','group');
INSERT INTO "django_content_type" VALUES(3,'auth','permission');
INSERT INTO "django_content_type" VALUES(4,'auth','user');
INSERT INTO "django_content_type" VALUES(5,'contenttypes','contenttype');
INSERT INTO "django_content_type" VALUES(6,'sessions','session');
INSERT INTO "django_content_type" VALUES(7,'ChefToun','tipoplato');
INSERT INTO "django_content_type" VALUES(8,'ChefToun','ubicacion');
INSERT INTO "django_content_type" VALUES(9,'ChefToun','ingrediente');
INSERT INTO "django_content_type" VALUES(10,'ChefToun','horariotipoplato');
INSERT INTO "django_content_type" VALUES(11,'ChefToun','puntaje');
INSERT INTO "django_content_type" VALUES(12,'ChefToun','ingredienteplato');
INSERT INTO "django_content_type" VALUES(13,'ChefToun','plato');
INSERT INTO "django_content_type" VALUES(14,'ChefToun','horario');
INSERT INTO "django_content_type" VALUES(15,'ChefToun','nino');
CREATE TABLE "auth_permission" ("id" integer NOT NULL PRIMARY KEY AUTOINCREMENT, "content_type_id" integer NOT NULL REFERENCES "django_content_type" ("id"), "codename" varchar(100) NOT NULL, "name" varchar(255) NOT NULL);
INSERT INTO "auth_permission" VALUES(1,1,'add_logentry','Can add log entry');
INSERT INTO "auth_permission" VALUES(2,1,'change_logentry','Can change log entry');
INSERT INTO "auth_permission" VALUES(3,1,'delete_logentry','Can delete log entry');
INSERT INTO "auth_permission" VALUES(4,2,'add_group','Can add group');
INSERT INTO "auth_permission" VALUES(5,2,'change_group','Can change group');
INSERT INTO "auth_permission" VALUES(6,2,'delete_group','Can delete group');
INSERT INTO "auth_permission" VALUES(7,3,'add_permission','Can add permission');
INSERT INTO "auth_permission" VALUES(8,3,'change_permission','Can change permission');
INSERT INTO "auth_permission" VALUES(9,3,'delete_permission','Can delete permission');
INSERT INTO "auth_permission" VALUES(10,4,'add_user','Can add user');
INSERT INTO "auth_permission" VALUES(11,4,'change_user','Can change user');
INSERT INTO "auth_permission" VALUES(12,4,'delete_user','Can delete user');
INSERT INTO "auth_permission" VALUES(13,5,'add_contenttype','Can add content type');
INSERT INTO "auth_permission" VALUES(14,5,'change_contenttype','Can change content type');
INSERT INTO "auth_permission" VALUES(15,5,'delete_contenttype','Can delete content type');
INSERT INTO "auth_permission" VALUES(16,6,'add_session','Can add session');
INSERT INTO "auth_permission" VALUES(17,6,'change_session','Can change session');
INSERT INTO "auth_permission" VALUES(18,6,'delete_session','Can delete session');
INSERT INTO "auth_permission" VALUES(19,7,'add_tipoplato','Can add tipo plato');
INSERT INTO "auth_permission" VALUES(20,7,'change_tipoplato','Can change tipo plato');
INSERT INTO "auth_permission" VALUES(21,7,'delete_tipoplato','Can delete tipo plato');
INSERT INTO "auth_permission" VALUES(22,8,'add_ubicacion','Can add ubicacion');
INSERT INTO "auth_permission" VALUES(23,8,'change_ubicacion','Can change ubicacion');
INSERT INTO "auth_permission" VALUES(24,8,'delete_ubicacion','Can delete ubicacion');
INSERT INTO "auth_permission" VALUES(25,9,'add_ingrediente','Can add ingrediente');
INSERT INTO "auth_permission" VALUES(26,9,'change_ingrediente','Can change ingrediente');
INSERT INTO "auth_permission" VALUES(27,9,'delete_ingrediente','Can delete ingrediente');
INSERT INTO "auth_permission" VALUES(28,10,'add_horariotipoplato','Can add horario tipo plato');
INSERT INTO "auth_permission" VALUES(29,10,'change_horariotipoplato','Can change horario tipo plato');
INSERT INTO "auth_permission" VALUES(30,10,'delete_horariotipoplato','Can delete horario tipo plato');
INSERT INTO "auth_permission" VALUES(31,11,'add_puntaje','Can add puntaje');
INSERT INTO "auth_permission" VALUES(32,11,'change_puntaje','Can change puntaje');
INSERT INTO "auth_permission" VALUES(33,11,'delete_puntaje','Can delete puntaje');
INSERT INTO "auth_permission" VALUES(34,12,'add_ingredienteplato','Can add ingrediente plato');
INSERT INTO "auth_permission" VALUES(35,12,'change_ingredienteplato','Can change ingrediente plato');
INSERT INTO "auth_permission" VALUES(36,12,'delete_ingredienteplato','Can delete ingrediente plato');
INSERT INTO "auth_permission" VALUES(37,13,'add_plato','Can add plato');
INSERT INTO "auth_permission" VALUES(38,13,'change_plato','Can change plato');
INSERT INTO "auth_permission" VALUES(39,13,'delete_plato','Can delete plato');
INSERT INTO "auth_permission" VALUES(40,14,'add_horario','Can add horario');
INSERT INTO "auth_permission" VALUES(41,14,'change_horario','Can change horario');
INSERT INTO "auth_permission" VALUES(42,14,'delete_horario','Can delete horario');
INSERT INTO "auth_permission" VALUES(43,15,'add_nino','Can add nino');
INSERT INTO "auth_permission" VALUES(44,15,'change_nino','Can change nino');
INSERT INTO "auth_permission" VALUES(45,15,'delete_nino','Can delete nino');
CREATE TABLE "auth_user" ("id" integer NOT NULL PRIMARY KEY AUTOINCREMENT, "password" varchar(128) NOT NULL, "last_login" datetime NULL, "is_superuser" bool NOT NULL, "first_name" varchar(30) NOT NULL, "last_name" varchar(30) NOT NULL, "email" varchar(254) NOT NULL, "is_staff" bool NOT NULL, "is_active" bool NOT NULL, "date_joined" datetime NOT NULL, "username" varchar(150) NOT NULL UNIQUE);
CREATE TABLE "django_session" ("session_key" varchar(40) NOT NULL PRIMARY KEY, "session_data" text NOT NULL, "expire_date" datetime NOT NULL);
DELETE FROM sqlite_sequence;
INSERT INTO "sqlite_sequence" VALUES('ChefToun_ingredienteplato',1);
INSERT INTO "sqlite_sequence" VALUES('django_migrations',17);
INSERT INTO "sqlite_sequence" VALUES('ChefToun_tipoplato',3);
INSERT INTO "sqlite_sequence" VALUES('ChefToun_horariotipoplato',2);
INSERT INTO "sqlite_sequence" VALUES('ChefToun_plato',2);
INSERT INTO "sqlite_sequence" VALUES('ChefToun_ingrediente',15);
INSERT INTO "sqlite_sequence" VALUES('django_admin_log',0);
INSERT INTO "sqlite_sequence" VALUES('django_content_type',15);
INSERT INTO "sqlite_sequence" VALUES('auth_permission',45);
INSERT INTO "sqlite_sequence" VALUES('auth_user',0);
INSERT INTO "sqlite_sequence" VALUES('ChefToun_nino',6);
INSERT INTO "sqlite_sequence" VALUES('ChefToun_puntaje',6);
INSERT INTO "sqlite_sequence" VALUES('ChefToun_horario',6);
INSERT INTO "sqlite_sequence" VALUES('ChefToun_ubicacion',2);
CREATE INDEX "ChefToun_puntaje_nino_id_a1ecb8ff" ON "ChefToun_puntaje" ("nino_id");
CREATE INDEX "ChefToun_ingredienteplato_ingrediente_id_84cfea5f" ON "ChefToun_ingredienteplato" ("ingrediente_id");
CREATE INDEX "ChefToun_ingredienteplato_plato_id_17aee8a5" ON "ChefToun_ingredienteplato" ("plato_id");
CREATE INDEX "ChefToun_horariotipoplato_horario_id_cf9d65d9" ON "ChefToun_horariotipoplato" ("horario_id");
CREATE INDEX "ChefToun_horariotipoplato_tipoPlato_id_3d1f9cc9" ON "ChefToun_horariotipoplato" ("tipoPlato_id");
CREATE INDEX "ChefToun_plato_tipoPlato_id_acfd5bc1" ON "ChefToun_plato" ("tipoPlato_id");
CREATE INDEX "ChefToun_ingrediente_ubicacion_id_bb57842f" ON "ChefToun_ingrediente" ("ubicacion_id");
CREATE UNIQUE INDEX "auth_group_permissions_group_id_permission_id_0cd325b0_uniq" ON "auth_group_permissions" ("group_id", "permission_id");
CREATE INDEX "auth_group_permissions_group_id_b120cbf9" ON "auth_group_permissions" ("group_id");
CREATE INDEX "auth_group_permissions_permission_id_84c5c92e" ON "auth_group_permissions" ("permission_id");
CREATE UNIQUE INDEX "auth_user_groups_user_id_group_id_94350c0c_uniq" ON "auth_user_groups" ("user_id", "group_id");
CREATE INDEX "auth_user_groups_user_id_6a12ed8b" ON "auth_user_groups" ("user_id");
CREATE INDEX "auth_user_groups_group_id_97559544" ON "auth_user_groups" ("group_id");
CREATE UNIQUE INDEX "auth_user_user_permissions_user_id_permission_id_14a6b632_uniq" ON "auth_user_user_permissions" ("user_id", "permission_id");
CREATE INDEX "auth_user_user_permissions_user_id_a95ead1b" ON "auth_user_user_permissions" ("user_id");
CREATE INDEX "auth_user_user_permissions_permission_id_1fbb5f2c" ON "auth_user_user_permissions" ("permission_id");
CREATE INDEX "django_admin_log_content_type_id_c4bce8eb" ON "django_admin_log" ("content_type_id");
CREATE INDEX "django_admin_log_user_id_c564eba6" ON "django_admin_log" ("user_id");
CREATE UNIQUE INDEX "django_content_type_app_label_model_76bd3d3b_uniq" ON "django_content_type" ("app_label", "model");
CREATE UNIQUE INDEX "auth_permission_content_type_id_codename_01ab375a_uniq" ON "auth_permission" ("content_type_id", "codename");
CREATE INDEX "auth_permission_content_type_id_2f476e4b" ON "auth_permission" ("content_type_id");
CREATE INDEX "django_session_expire_date_a5c62663" ON "django_session" ("expire_date");
COMMIT;
